날짜,원달러_종가
2025/07/24,"1,367.20"
2025/07/25,"1,377.90"
2025/07/28,"1,382.00"
2025/07/29,"1,391.00"
2025/07/30,"1,383.10"
2025/07/31,"1,387.00"
2025/08/01,"1,401.40"
2025/08/04,"1,385.20"
2025/08/05,"1,388.30"
2025/08/06,"1,389.50"
2025/08/07,"1,381.20"
2025/08/08,"1,389.60"
2025/08/11,"1,388.00"
2025/08/12,"1,389.90"
2025/08/13,"1,381.70"
2025/08/14,"1,382.00"
2025/08/18,"1,385.00"
2025/08/19,"1,390.90"
2025/08/20,"1,398.40"
2025/08/21,"1,398.40"
2025/08/22,"1,393.20"
2025/08/25,"1,384.70"
2025/08/26,"1,395.80"
2025/08/27,"1,396.30"
2025/08/28,"1,387.60"
2025/08/29,"1,390.10"
2025/09/01,"1,393.70"
2025/09/02,"1,391.00"
2025/09/03,"1,392.30"
2025/09/04,"1,392.50"
2025/09/05,"1,391.00"
2025/09/08,"1,390.60"
2025/09/09,"1,387.90"
2025/09/10,"1,386.60"
2025/09/11,"1,391.80"
2025/09/12,"1,388.20"
2025/09/15,"1,389.00"
2025/09/16,"1,378.90"
2025/09/17,"1,380.10"
2025/09/18,"1,387.80"
2025/09/19,"1,393.60"
2025/09/22,"1,392.60"
2025/09/23,"1,392.60"
2025/09/24,"1,397.50"
2025/09/25,"1,400.60"
2025/09/26,"1,412.40"
2025/09/29,"1,398.70"
2025/09/30,"1,402.90"
2025/10/01,"1,403.20"
2025/10/02,"1,400.00"
2025/10/10,"1,421.00"
2025/10/13,"1,425.80"
2025/10/14,"1,431.00"
2025/10/15,"1,421.30"
2025/10/16,"1,417.90"
2025/10/17,"1,421.20"
2025/10/20,"1,419.20"
2025/10/21,"1,427.80"
2025/10/22,"1,429.80"
2025/10/23,"1,439.60"
2025/10/24,"1,437.10"
2025/10/27,"1,431.70"
2025/10/28,"1,437.70"
2025/10/29,"1,431.70"
2025/10/30,"1,426.50"
2025/10/31,"1,424.40"
2025/11/03,"1,428.80"
2025/11/04,"1,437.90"
2025/11/05,"1,449.40"
2025/11/06,"1,447.70"
2025/11/07,"1,456.90"
2025/11/10,"1,451.40"
2025/11/11,"1,463.30"
2025/11/12,"1,465.70"
2025/11/13,"1,467.70"
2025/11/14,"1,457.00"
2025/11/17,"1,458.00"
2025/11/18,"1,465.30"
2025/11/19,"1,465.60"
2025/11/20,"1,467.90"
2025/11/21,"1,475.60"
2025/11/24,"1,477.10"
2025/11/25,"1,472.40"
2025/11/26,"1,465.60"
2025/11/27,"1,464.90"
2025/11/28,"1,470.60"
2025/12/01,"1,469.90"
2025/12/02,"1,468.40"
2025/12/03,"1,468.00"
2025/12/04,"1,473.50"
2025/12/05,"1,468.80"
2025/12/08,"1,466.90"
2025/12/09,"1,472.30"
2025/12/10,"1,470.40"
2025/12/11,"1,473.00"
2025/12/12,"1,473.70"
2025/12/15,"1,471.00"
2025/12/16,"1,477.00"
2025/12/17,"1,479.80"
2025/12/18,"1,478.30"
2025/12/19,"1,476.30"
2025/12/22,"1,480.10"
2025/12/23,"1,483.60"
2025/12/24,"1,449.80"
2025/12/26,"1,440.30"
2025/12/29,"1,429.80"
2025/12/30,"1,439.00"
2025/12/31,
2026/01/02,"1,441.80"
2026/01/05,"1,443.80"
2026/01/06,"1,445.40"
2026/01/07,"1,445.80"
2026/01/08,"1,450.60"
2026/01/09,"1,457.60"
2026/01/12,"1,468.40"
2026/01/13,"1,473.70"
2026/01/14,"1,477.50"
2026/01/15,"1,469.70"
2026/01/16,"1,473.60"
2026/01/19,"1,473.70"
2026/01/20,"1,478.10"
2026/01/21,"1,471.30"
2026/01/22,"1,469.90"
2026/01/23,"1,465.80"
2026/01/26,"1,440.60"
2026/01/27,"1,446.20"
2026/01/28,"1,422.50"
2026/01/29,"1,426.30"
2026/01/30,"1,439.50"
2026/02/02,"1,464.30"
2026/02/03,"1,445.40"
2026/02/04,"1,450.20"
2026/02/05,"1,469.00"
2026/02/06,"1,469.50"
2026/02/09,"1,460.30"
2026/02/10,"1,459.10"
2026/02/11,"1,450.10"
2026/02/12,"1,440.20"
2026/02/13,"1,444.90"
2026/02/19,"1,445.50"
2026/02/20,"1,446.60"
2026/02/23,"1,440.00"
2026/02/24,"1,442.50"
2026/02/25,"1,429.40"
2026/02/26,"1,425.80"
2026/02/27,"1,439.70"
2026/03/03,"1,466.10"
2026/03/04,"1,476.20"
2026/03/05,"1,468.10"
2026/03/06,"1,476.40"
2026/03/09,"1,495.50"
2026/03/10,"1,469.20"
2026/03/11,"1,466.50"
2026/03/12,"1,481.20"
2026/03/13,"1,493.70"
2026/03/16,"1,497.50"
2026/03/17,"1,493.60"
2026/03/18,"1,483.10"
2026/03/19,"1,501.00"
2026/03/20,"1,500.60"
2026/03/23,"1,517.30"
2026/03/24,"1,495.20"
2026/03/25,"1,499.70"
2026/03/26,"1,507.00"
2026/03/27,"1,508.90"
2026/03/30,"1,515.70"
2026/03/31,"1,530.10"
2026/04/01,"1,501.30"
2026/04/02,"1,519.70"
2026/04/03,"1,505.20"
2026/04/06,"1,506.30"
2026/04/07,"1,504.20"
2026/04/08,"1,470.60"
2026/04/09,"1,482.50"
2026/04/10,"1,482.50"
2026/04/13,"1,489.30"
2026/04/14,"1,481.20"
2026/04/15,"1,474.20"
2026/04/16,"1,474.60"
2026/04/17,"1,483.50"
2026/04/20,"1,477.20"
2026/04/21,"1,468.50"
2026/04/22,"1,476.00"
2026/04/23,"1,481.00"
2026/04/24,"1,484.50"
2026/04/27,"1,472.50"
2026/04/28,"1,473.60"
2026/04/29,"1,479.00"
2026/04/30,"1,483.30"
2026/05/04,"1,462.80"
2026/05/06,"1,455.10"
2026/05/07,"1,454.00"
2026/05/08,"1,471.70"
2026/05/11,"1,472.40"
2026/05/12,"1,489.90"
2026/05/13,"1,490.60"
2026/05/14,"1,491.00"
2026/05/15,"1,500.80"
2026/05/18,"1,500.30"
2026/05/19,"1,507.80"
2026/05/20,"1,506.80"
2026/05/21,"1,506.10"
2026/05/22,"1,517.20"
2026/05/26,"1,504.30"
2026/05/27,"1,501.20"
2026/05/28,"1,502.80"
2026/05/29,"1,507.90"
2026/06/01,"1,504.30"
2026/06/02,"1,516.40"
2026/06/04,"1,529.70"
2026/06/05,"1,539.10"
2026/06/08,"1,535.00"
2026/06/09,"1,512.10"
2026/06/10,"1,524.20"
2026/06/11,"1,528.90"
2026/06/12,"1,519.80"
2026/06/15,"1,511.10"
2026/06/16,"1,511.60"
2026/06/17,"1,513.40"
2026/06/18,"1,527.10"
2026/06/19,"1,527.00"
2026/06/22,"1,537.00"
2026/06/23,"1,539.10"
2026/06/24,"1,541.80"
2026/06/25,"1,542.70"
2026/06/26,"1,532.00"
2026/06/29,"1,545.20"
2026/06/30,"1,549.40"
2026/07/01,"1,554.90"
2026/07/02,"1,555.80"
2026/07/03,"1,525.60"
2026/07/06,"1,530.30"
2026/07/07,"1,528.20"
2026/07/08,"1,498.50"
2026/07/09,"1,506.10"
2026/07/10,"1,501.40"
2026/07/13,"1,503.40"
2026/07/14,"1,493.00"
2026/07/15,"1,484.70"
2026/07/16,"1,480.40"
2026/07/20,"1,478.40"
2026/07/21,"1,473.40"
2026/07/22,"1,480.10"
2026/07/23,"1,466.80"
2026/07/24,"1,466.60"
