날짜,코스피지수,코스피외국인순매수,코스닥지수,코스닥외국인순매수
2025/07/24,"3,190.45","7,431",809.89,372
2025/07/25,"3,196.05","2,687",806.95,929
2025/07/28,"3,209.52","4,802",804.40,-155
2025/07/29,"3,230.57","6,047",804.45,-56
2025/07/30,"3,254.47","5,801",803.67,455
2025/07/31,"3,245.44","3,444",805.24,270
2025/08/01,"3,119.41","-6,563",772.79,"-1,126"
2025/08/04,"3,147.75",828,784.06,-396
2025/08/05,"3,198.00","2,953",798.60,467
2025/08/06,"3,198.14","2,815",803.49,-24
2025/08/07,"3,227.68",-176,805.81,-539
2025/08/08,"3,210.01","-1,596",809.27,512
2025/08/11,"3,206.77","2,202",811.85,550
2025/08/12,"3,189.91",-594,807.19,-70
2025/08/13,"3,224.37","6,365",814.10,95
2025/08/14,"3,225.66",-800,815.26,433
2025/08/18,"3,177.28","-4,896",798.05,-433
2025/08/19,"3,151.56","-4,546",787.96,397
2025/08/20,"3,130.09","-2,137",777.61,-422
2025/08/21,"3,141.74",-171,777.24,-692
2025/08/22,"3,168.73","1,817",782.51,655
2025/08/25,"3,209.86","1,188",798.02,"2,263"
2025/08/26,"3,179.36","-6,860",801.66,"1,610"
2025/08/27,"3,187.16","-2,037",801.72,-902
2025/08/28,"3,196.32",-243,798.43,-585
2025/08/29,"3,186.01","-3,725",796.91,-508
2025/09/01,"3,142.93","-2,674",785.00,-571
2025/09/02,"3,172.35","4,022",794.00,795
2025/09/03,"3,184.42","4,364",796.81,224
2025/09/04,"3,200.83","2,035",805.42,870
2025/09/05,"3,205.12","-1,380",811.40,465
2025/09/08,"3,219.59","2,316",818.60,-350
2025/09/09,"3,260.05","6,842",824.82,237
2025/09/10,"3,314.53","13,848",833.00,795
2025/09/11,"3,344.20","3,024",834.76,-671
2025/09/12,"3,395.54","14,172",847.08,"1,895"
2025/09/15,"3,407.31","2,668",852.69,-646
2025/09/16,"3,449.62","17,989",851.84,"-2,147"
2025/09/17,"3,413.40",-361,845.53,"-1,640"
2025/09/18,"3,461.30","2,877",857.11,534
2025/09/19,"3,445.24","-3,062",863.11,"2,116"
2025/09/22,"3,468.65","5,682",874.36,-388
2025/09/23,"3,486.19","3,366",872.21,"-1,282"
2025/09/24,"3,472.14","-2,465",860.94,"-2,564"
2025/09/25,"3,471.11","2,164",852.48,308
2025/09/26,"3,386.05","-5,704",835.19,-836
2025/09/29,"3,431.21","4,484",846.71,"1,143"
2025/09/30,"3,424.60",260,841.99,"-1,839"
2025/10/01,"3,455.83","8,333",845.34,273
2025/10/02,"3,549.21","31,400",854.25,658
2025/10/10,"3,610.60","10,614",859.49,"2,453"
2025/10/13,"3,584.55","-8,233",860.49,-944
2025/10/14,"3,561.81","5,552",847.96,"-1,157"
2025/10/15,"3,657.28","1,629",864.72,497
2025/10/16,"3,748.37","6,591",865.41,-806
2025/10/17,"3,748.89","4,426",859.54,500
2025/10/20,"3,814.69","-2,477",875.77,"1,406"
2025/10/21,"3,823.84",-188,872.50,-399
2025/10/22,"3,883.68","-7,011",879.15,-662
2025/10/23,"3,845.56","-4,091",872.03,"-1,184"
2025/10/24,"3,941.59","5,849",883.08,349
2025/10/27,"4,042.83","6,495",902.70,"2,392"
2025/10/28,"4,010.41","-16,410",903.30,"-1,561"
2025/10/29,"4,081.15","-1,018",901.59,370
2025/10/30,"4,086.89","-1,178",890.86,"1,852"
2025/10/31,"4,107.50","13,164",900.42,"1,979"
2025/11/03,"4,221.87","-7,964",914.55,"3,887"
2025/11/04,"4,121.74","-22,349",926.57,"2,300"
2025/11/05,"4,004.42","-20,700",901.89,"-5,962"
2025/11/06,"4,026.45","-17,000",898.17,"-1,151"
2025/11/07,"3,953.76","-4,625",876.81,585
2025/11/10,"4,073.24","-1,452",888.35,-164
2025/11/11,"4,106.39",744,884.27,129
2025/11/12,"4,150.39","-4,263",906.51,"2,551"
2025/11/13,"4,170.63","9,997",918.37,-796
2025/11/14,"4,011.57","-23,668",897.90,"-3,158"
2025/11/17,"4,089.25","5,183",902.67,-436
2025/11/18,"3,953.62","-5,521",878.70,"-1,755"
2025/11/19,"3,929.51","-10,512",871.32,-639
2025/11/20,"4,004.85","7,448",891.94,"1,910"
2025/11/21,"3,853.26","-28,308",863.95,"-1,280"
2025/11/24,"3,846.06","-7,957",856.44,-402
2025/11/25,"3,857.78",-17,856.03,"1,108"
2025/11/26,"3,960.87","5,235",877.32,"2,108"
2025/11/27,"3,986.91","1,577",880.06,-857
2025/11/28,"3,926.59","-20,410",912.67,"4,924"
2025/12/01,"3,920.37","2,236",922.38,"-1,504"
2025/12/02,"3,994.93","12,206",928.42,"-1,256"
2025/12/03,"4,036.30","2,829",932.01,-179
2025/12/04,"4,028.51","-6,978",929.83,818
2025/12/05,"4,100.05","10,006",924.74,"-1,321"
2025/12/08,"4,154.85","3,227",927.79,"3,844"
2025/12/09,"4,143.55",-910,931.35,-618
2025/12/10,"4,135.00","3,737",935.00,983
2025/12/11,"4,110.62","3,650",934.64,520
2025/12/12,"4,167.16",469,937.34,"2,013"
2025/12/15,"4,090.59","-9,599",938.83,-209
2025/12/16,"3,999.13","-10,350",916.11,"-3,547"
2025/12/17,"4,056.41",-278,911.07,"-2,230"
2025/12/18,"3,994.51","-3,468",901.33,-896
2025/12/19,"4,020.55","-7,471",915.27,"1,083"
2025/12/22,"4,105.93","11,140",929.14,-338
2025/12/23,"4,117.32","9,543",919.56,"-1,498"
2025/12/24,"4,108.62","5,216",915.20,-300
2025/12/26,"4,129.68","17,807",919.67,"1,058"
2025/12/29,"4,220.56","3,356",932.59,857
2025/12/30,"4,214.17","-4,886",925.47,"-3,305"
2025/12/31,,,,
2026/01/02,"4,309.63","6,447",945.57,"1,030"
2026/01/05,"4,457.52","21,808",957.50,"-1,120"
2026/01/06,"4,525.48","-6,302",955.97,"-3,357"
2026/01/07,"4,551.06","12,521",947.39,"2,560"
2026/01/08,"4,552.37","-1,066",944.06,-898
2026/01/09,"4,586.32","-16,113",947.92,"-1,711"
2026/01/12,"4,624.79","-3,523",949.81,-102
2026/01/13,"4,692.64","-2,789",948.98,"-1,790"
2026/01/14,"4,723.10","-3,781",942.18,"-2,638"
2026/01/15,"4,797.55","3,530",951.16,"3,163"
2026/01/16,"4,840.74","4,368",954.59,-865
2026/01/19,"4,904.66","5,491",968.36,"2,271"
2026/01/20,"4,885.75","1,160",976.37,287
2026/01/21,"4,909.93","4,457",951.29,"-2,683"
2026/01/22,"4,952.53","-2,478",970.35,839
2026/01/23,"4,990.07","1,451",993.93,"1,119"
2026/01/26,"4,949.59","-1,664","1,064.41","4,620"
2026/01/27,"5,084.85","8,453","1,082.59","-1,090"
2026/01/28,"5,170.81","3,932","1,133.52","4,967"
2026/01/29,"5,221.25","-14,923","1,164.41","2,264"
2026/01/30,"5,224.36","-19,792","1,149.44","-1,609"
2026/02/02,"4,949.67","-25,330","1,098.36","4,100"
2026/02/03,"5,288.08","7,170","1,144.33",-858
2026/02/04,"5,371.10","-9,378","1,149.43",40
2026/02/05,"5,163.57","-50,385","1,108.41","-2,754"
2026/02/06,"5,089.14","-33,277","1,080.77",717
2026/02/09,"5,298.04","4,389","1,127.55","2,348"
2026/02/10,"5,301.69","1,469","1,115.20","-1,973"
2026/02/11,"5,354.49","8,572","1,114.87",182
2026/02/12,"5,522.27","30,079","1,125.99","-1,073"
2026/02/13,"5,507.01","-9,268","1,106.08","-2,439"
2026/02/19,"5,677.25","-9,345","1,160.71","8,564"
2026/02/20,"5,808.53","-7,441","1,154.00","-2,057"
2026/02/23,"5,846.09","-11,109","1,151.99","1,830"
2026/02/24,"5,969.64","-1,903","1,165.00","2,747"
2026/02/25,"6,083.86","-13,057","1,165.25","-2,145"
2026/02/26,"6,307.27","-21,106","1,188.15","4,239"
2026/02/27,"6,244.13","-70,812","1,192.78",621
2026/03/03,"5,791.91","-51,737","1,137.70","6,007"
2026/03/04,"5,093.54","2,367",978.44,"11,740"
2026/03/05,"5,583.90","-1,570","1,116.41","8,382"
2026/03/06,"5,584.87","-19,511","1,154.67","-3,815"
2026/03/09,"5,251.87","-31,979","1,102.28","-5,400"
2026/03/10,"5,532.59","10,344","1,137.68","-4,018"
2026/03/11,"5,609.95","-2,547","1,136.83",-800
2026/03/12,"5,583.25","-23,911","1,148.40","-6,877"
2026/03/13,"5,487.24","-14,596","1,152.96",-835
2026/03/16,"5,549.85","-8,519","1,138.29","-5,027"
2026/03/17,"5,640.48","-1,733","1,136.94",-568
2026/03/18,"5,925.03","8,887","1,164.38","4,987"
2026/03/19,"5,763.22","-18,839","1,143.48","-2,041"
2026/03/20,"5,781.20","-12,455","1,161.52","2,531"
2026/03/23,"5,405.75","-36,983","1,096.89","-2,607"
2026/03/24,"5,553.92","-19,793","1,121.44","1,732"
2026/03/25,"5,642.21","-12,866","1,159.55","3,765"
2026/03/26,"5,460.46","-29,501","1,136.64","-2,957"
2026/03/27,"5,438.87","-34,400","1,141.51","-2,327"
2026/03/30,"5,277.30","-20,981","1,107.05","-1,319"
2026/03/31,"5,052.46","-38,481","1,052.39","1,130"
2026/04/01,"5,478.70","-6,278","1,116.18","4,433"
2026/04/02,"5,234.05","-1,406","1,056.34",-914
2026/04/03,"5,377.30","7,995","1,063.75","-1,977"
2026/04/06,"5,450.33","-1,564","1,047.37",845
2026/04/07,"5,494.78","3,950","1,036.73","1,823"
2026/04/08,"5,872.34","19,453","1,089.85","2,413"
2026/04/09,"5,778.01","17,189","1,076.00","-4,315"
2026/04/10,"5,858.87","10,636","1,093.63",-51
2026/04/13,"5,808.62","-4,615","1,099.84","-1,553"
2026/04/14,"5,967.75","8,367","1,121.88",-91
2026/04/15,"6,091.39","4,890","1,152.43","2,108"
2026/04/16,"6,226.05","4,746","1,162.97","-2,518"
2026/04/17,"6,191.92","-20,031","1,170.04",9
2026/04/20,"6,219.09","-2,370","1,174.85",181
2026/04/21,"6,388.47","11,516","1,179.03","-2,882"
2026/04/22,"6,417.93","-6,822","1,181.12","1,639"
2026/04/23,"6,475.81",-860,"1,174.31","-1,512"
2026/04/24,"6,475.63","-19,496","1,203.84","7,356"
2026/04/27,"6,615.03","8,675","1,226.18","-1,740"
2026/04/28,"6,641.02","-1,935","1,215.58","-4,964"
2026/04/29,"6,690.90","-6,138","1,220.26",-77
2026/04/30,"6,598.87","-14,622","1,192.35","-2,165"
2026/05/04,"6,936.99","29,457","1,213.74","5,557"
2026/05/06,"7,384.56","31,096","1,210.17",-632
2026/05/07,"7,490.05","-67,173","1,199.18","1,694"
2026/05/08,"7,498.00","-53,117","1,207.72","3,997"
2026/05/11,"7,822.24","-28,365","1,207.34","1,062"
2026/05/12,"7,643.15","-56,258","1,179.29","5,218"
2026/05/13,"7,844.01","-37,586","1,176.93","-5,938"
2026/05/14,"7,981.41","-21,680","1,191.09","-1,479"
2026/05/15,"7,493.18","-56,607","1,129.82","3,802"
2026/05/18,"7,516.04","-36,519","1,111.09","2,298"
2026/05/19,"7,271.66","-57,474","1,084.36","1,254"
2026/05/20,"7,208.95","-29,499","1,056.07","2,095"
2026/05/21,"7,815.59","-2,196","1,105.97","1,346"
2026/05/22,"7,847.71","-19,265","1,161.13","5,934"
2026/05/26,"8,047.51","-1,320","1,172.52","-1,025"
2026/05/27,"8,228.70","-2,606","1,133.13",-671
2026/05/28,"8,185.29","-27,354","1,104.36","3,777"
2026/05/29,"8,476.15","-10,681","1,074.80",83
2026/06/01,"8,788.38","-28,281","1,050.03","7,991"
2026/06/02,"8,801.49","-63,191","1,026.03","3,355"
2026/06/04,"8,639.41","-67,014","1,049.73",-303
2026/06/05,"8,160.59","-27,815","1,002.44","-1,839"
2026/06/08,"7,484.41","-2,839",911.39,"2,797"
2026/06/09,"8,096.93","-19,843",967.81,"3,104"
2026/06/10,"7,730.82","-28,080",951.63,"1,435"
2026/06/11,"7,763.95","-14,796",996.93,"-3,363"
2026/06/12,"8,123.62","22,158","1,029.05","2,755"
2026/06/15,"8,545.98","11,033","1,034.03","-8,065"
2026/06/16,"8,726.60","15,309","1,018.68","-3,189"
2026/06/17,"8,864.24","-9,946","1,031.96",366
2026/06/18,"9,063.84","12,710","1,000.93","-1,163"
2026/06/19,"9,052.42","-3,519",966.59,"4,891"
2026/06/22,"9,114.55","-25,477",968.40,"3,105"
2026/06/23,"8,203.84","-42,421",891.52,"2,695"
2026/06/24,"8,471.02","-46,529",909.31,-355
2026/06/25,"8,930.30","-8,783",887.81,321
2026/06/26,"8,411.21","-43,163",851.37,"3,418"
2026/06/29,"8,394.65","-77,560",920.57,382
2026/06/30,"8,476.48","-38,202",916.18,"-2,428"
2026/07/01,"8,303.41","-17,012",929.35,"2,340"
2026/07/02,"7,648.09","-44,045",866.72,"-1,931"
2026/07/03,"8,088.34","-21,556",868.41,-190
2026/07/06,"8,051.33","-13,379",847.07,-409
2026/07/07,"7,656.31","-29,300",831.23,"3,759"
2026/07/08,"7,246.79","3,390",785.00,"3,373"
2026/07/09,"7,291.91","1,428",794.00,219
2026/07/10,"7,475.94","-3,301",837.43,"-1,559"
2026/07/13,"6,806.93","-16,903",799.36,"-3,866"
2026/07/14,"6,856.83","9,737",783.98,"-2,489"
2026/07/15,"7,284.41","23,126",829.43,242
2026/07/16,"6,820.60","-13,814",791.84,"-2,949"
2026/07/20,"6,516.27","5,272",749.64,-560
2026/07/21,"6,747.95","3,087",753.34,"-1,369"
2026/07/22,"6,797.70","26,299",751.09,-842
2026/07/23,"7,096.89","21,487",790.28,"1,681"
2026/07/24,"6,690.62","-32,852",748.22,"-1,132"
